{"0":{"text":"","enabled":false,"history":[]},"1":{"text":"","enabled":false,"history":[]},"2":{"text":"","enabled":false,"history":[]},"3":{"text":"","enabled":false,"history":[]},"4":{"text":"","enabled":false,"history":[]},"5":{"text":"","enabled":false,"history":[]},"6":{"text":"","enabled":false,"history":[]},"7":{"text":"","enabled":false,"history":[]},"8":{"text":"","enabled":false,"history":[]},"9":{"text":"","enabled":false,"history":[]},"10":{"text":"","enabled":false,"history":[]},"11":{"text":"","enabled":false,"history":[]},"12":{"text":"","enabled":false,"history":[]},"13":{"text":"","enabled":false,"history":[]},"14":{"text":"","enabled":false,"history":[]},"15":{"text":"","enabled":false,"history":[]},"16":{"text":"","enabled":false,"history":[]},"200":{"text":"","enabled":false,"history":[]}}